Frequency[Hz],S11/dB,S11/phase[deg],S11/unwrapped_phase[deg],S12/dB,S12/phase[deg],S12/unwrapped_phase[deg],S21/dB,S21/phase[deg],S21/unwrapped_phase[deg],S22/dB,S22/phase[deg], S22/unwrapped_phase[deg]
500000000,-10.928994361009751,44.00395875149755,44.00395875149755,-5.915978755283095,-145.21144355633513,-145.21144355633513,-5.782677152595993,-139.7962953938128,-139.7962953938128,-5.005882448961044,82.22672046801635,82.22672046801635
512500000,-11.194827018363963,37.724510592109056,37.724510592109056,-4.685333059212921,-151.03762581666172,-151.03762581666172,-6.182317450016928,-146.3967911768698,-146.3967911768698,-3.3137955199268387,79.44490019527686,79.44490019527686
525000000,-11.258852501939959,21.434526117521653,21.434526117521653,-4.3690355390867825,-149.67319072143263,-149.67319072143263,-5.995755658101778,-156.207438413331,-156.207438413331,-3.863915173712911,104.10209712361649,104.10209712361649
537500000,-11.511756743480682,35.40144440548691,35.40144440548691,-4.552622653667819,-150.5250303448286,-150.5250303448286,-5.394242703464204,-158.83244314038228,-158.83244314038228,-4.084223919277938,83.6296805094518,83.6296805094518
550000000,-11.353593871855397,33.11880457209353,33.11880457209353,-5.336810222003352,-154.08753065890323,-154.08753065890323,-4.982766404915458,-159.00697709896156,-159.00697709896156,-5.267859012350538,78.86291846786092,78.86291846786092
562500000,-12.669886664152,27.499422457863485,27.499422457863485,-5.669866210380663,-161.11226147904597,-161.11226147904597,-5.320266638794635,-160.22306751591768,-160.22306751591768,-4.634883185992908,63.63528485720705,63.63528485720705
575000000,-13.852861848443352,18.20185087226412,18.20185087226412,-5.206818529227622,-169.32826456331412,-169.32826456331412,-6.007046427308836,-161.63344980674916,-161.63344980674916,-3.5482902923980744,59.13270937801317,59.13270937801317
587500000,-14.161024330228095,15.674983003996076,15.674983003996076,-4.438814591550858,-173.00293975091174,-173.00293975091174,-6.189349804002124,-168.92079883148733,-168.92079883148733,-2.9061770362843102,61.666734924399606,61.666734924399606
600000000,-14.523502101543414,14.723967447302169,14.723967447302169,-4.321651254222406,-175.59138602683615,-175.59138602683615,-5.659283481280529,-174.37957342264144,-174.37957342264144,-3.6296478680554034,63.61434029044767,63.61434029044767
612500000,-15.753618199521785,17.736948104461103,17.736948104461103,-4.254759210045194,179.14536696482145,-180.85463303517855,-5.148615678738232,-176.80356457473025,-176.80356457473025,-4.744249166663311,58.11257243835625,58.11257243835625
625000000,-17.708111127605704,11.737066566518363,11.737066566518363,-4.167063523447243,174.3198107391342,-185.6801892608658,-5.104880603602545,-179.9086161032295,-179.9086161032295,-4.413482161541486,47.91247899198765,47.91247899198765
637500000,-19.074193275881036,13.02623703103842,13.02623703103842,-4.016268487827633,171.82759158864565,-188.17240841135435,-4.707693134758287,171.78906416527383,-188.21093583472617,-3.502845475343202,41.00832268873108,41.00832268873108
650000000,-20.327857078991045,6.6205423852394185,6.6205423852394185,-4.44734587064925,165.57621538300046,-194.42378461699954,-4.220228627158603,165.0432393782295,-194.9567606217705,-3.1926235643899736,40.31514406857838,40.31514406857838
662500000,-20.85740632112153,-4.9361018454280075,-4.9361018454280075,-4.8049019324721085,156.4111834682043,-203.5888165317957,-3.932618370172849,162.78074767023602,-197.21925232976398,-3.36435952208268,38.93276428992217,38.93276428992217
675000000,-25.17509908982035,-7.33474464637798,-7.33474464637798,-4.433859289297704,145.13234342122084,-214.86765657877916,-4.182692184598592,156.450966253732,-203.549033746268,-4.064925688727325,31.71055580072137,31.71055580072137
687500000,-24.434172599821387,-52.426366731658305,-52.426366731658305,-3.7216652127732863,140.60523753063558,-219.39476246936442,-5.093647600692426,149.72456952111753,-210.27543047888247,-4.372960052926183,23.710879349673995,23.710879349673995
700000000,-28.99900882371591,-13.652326677752763,-13.652326677752763,-3.8580392843184703,139.59341720468524,-220.40658279531476,-5.662704924373793,140.85959024705542,-219.14040975294458,-3.664805665193512,13.888555963846041,13.888555963846041
712500000,-27.87641342001657,156.80279909666157,156.80279909666157,-4.895587159820868,134.3973214809695,-225.6026785190305,-5.207534748871257,130.66181425340807,-229.33818574659193,-3.1780200809626518,9.085567017477883,9.085567017477883
725000000,-22.215248136334765,167.2095783026605,167.2095783026605,-5.921983375576227,122.63202310170936,-237.36797689829064,-4.733276474792185,129.96053704411696,-230.03946295588304,-3.654827613727671,5.416171420508322,5.416171420508322
737500000,-22.663291312962926,145.5946304662418,145.5946304662418,-5.638310033199156,109.97238266836774,-250.02761733163226,-5.675370401631405,129.4227776071824,-230.5772223928176,-3.5493306121337804,-2.638338220646197,-2.638338220646197
750000000,-20.306718241554744,125.05206623026262,125.05206623026262,-5.083726347447283,106.63003389081268,-253.36996610918732,-6.634351804929213,120.27855463810984,-239.72144536189018,-4.031810999755786,-8.594301777422617,-8.594301777422617
762500000,-17.393750711192656,111.39960045179127,111.39960045179127,-5.873903946294749,110.00102693577335,-249.99897306422665,-6.880519669078882,108.5715998949598,-251.4284001050402,-3.6868542313364965,-13.894097306172696,-13.894097306172696
775000000,-16.361412787000333,119.3531596212057,119.3531596212057,-7.672538090257718,106.32662403738766,-253.67337596261234,-5.946656207386728,102.51218793708732,-257.48781206291267,-4.39725954211358,-15.340277240574087,-15.340277240574087
787500000,-10.125736835902295,-93.36945242681539,266.63054757318463,-2.126731807120395,116.10564305962737,-243.89435694037263,-4.273695576679468,-172.55672764697198,-172.55672764697198,-2.9759427304503756,-12.412755022194997,-12.412755022194997
800000000,-16.018130786808662,107.21496905671977,107.21496905671977,-8.696787673530753,83.52096024158283,-276.4790397584172,-7.052721199022121,102.91079278419795,-257.08920721580205,-4.128239347465763,-35.10978835631009,-35.10978835631009
812500000,-16.410588653696763,89.69648293868235,89.69648293868235,-8.011358345672635,80.69305347620609,-279.3069465237939,-8.673486308630187,99.02244459474339,-260.9775554052566,-4.564865500866703,-34.038078715829826,-34.038078715829826
825000000,-14.48488572224165,85.82123840697787,85.82123840697787,-8.114517023948425,85.07489572011907,-274.92510427988094,-9.306587651788723,88.58207876273559,-271.4179212372644,-5.085673311789102,-34.13487569829899,-34.13487569829899
837500000,-13.246591435752586,88.19279920886626,88.19279920886626,-9.337811464304322,89.91202639168682,-270.0879736083132,-8.735645498396064,76.91405189886346,-283.0859481011365,-6.21653811068334,-36.10833287936464,-36.10833287936464
850000000,-13.416042351516468,84.03480738943765,84.03480738943765,-10.890488157007079,81.34073852690732,-278.65926147309267,-8.177789618875487,74.74409036758813,-285.2559096324119,-6.919656813506233,-43.81885183074604,-43.81885183074604
862500000,-14.30384660233775,75.11990430155817,75.11990430155817,-11.939482578472287,68.46797990666552,-291.5320200933345,-8.320586017365383,76.91114252007013,-283.08885747992986,-6.682071896033169,-48.68866983266301,-48.68866983266301
875000000,-12.862793881332102,59.136769938160754,59.136769938160754,-11.184304371086853,60.38980407867494,-299.61019592132504,-9.419077232688103,77.15844853111979,-282.8415514688802,-6.983697764388758,-48.88780635571142,-48.88780635571142
887500000,-13.124781707949698,44.6805716375993,44.6805716375993,-10.586546426245107,59.18139405194412,-300.8186059480559,-10.796830648713014,69.94809527092478,-290.0519047290752,-6.9754647492773465,-51.68402595673202,-51.68402595673202
900000000,-11.153569117857813,45.4788327476345,45.4788327476345,-10.999231643347096,60.443598176720165,-299.5564018232798,-11.543769922657741,59.628458841987836,-300.3715411580122,-7.390016088891852,-52.22138924227361,-52.22138924227361
912500000,-11.417311345634875,47.49638173652414,47.49638173652414,-12.438489249385627,61.33000185950039,-298.6699981404996,-11.88678270135779,51.62032802008831,-308.3796719799117,-7.703267367487607,-55.467924390165706,-55.467924390165706
925000000,-11.928001962611493,44.86517656379174,44.86517656379174,-13.645267289734182,54.57348891208157,-305.4265110879184,-11.726186042248408,47.5803160136326,-312.41968398636743,-9.394760818436957,-63.95019878536793,-63.95019878536793
937500000,-12.15217969091798,32.92709208034102,32.92709208034102,-14.53928237952471,44.5864276559711,-315.4135723440289,-11.773872923316713,47.881509813958566,-312.1184901860414,-8.423322817689376,-62.98058848488622,-62.98058848488622
950000000,-11.651927525245046,28.6830509688287,28.6830509688287,-14.355935866272612,39.8574506693373,-320.1425493306627,-12.97519163562745,46.94205458803753,-313.05794541196246,-8.014740258404489,-66.91774302476942,-66.91774302476942
962500000,-10.966272612055421,24.000464478466334,24.000464478466334,-14.410295905762748,34.435001554071,-325.564998445929,-14.252810995250286,44.34488453401396,-315.65511546598606,-10.26368858312061,-64.94506687166425,-64.94506687166425
975000000,-10.908887662372917,21.246537684871008,21.246537684871008,-14.237886206022349,36.48583925335825,-323.5141607466418,-15.355184538693303,38.93286142507962,-321.06713857492036,-11.665346750723465,-65.1666723935031,-65.1666723935031
987500000,-11.09957650467571,22.809454944431412,22.809454944431412,-15.326688481231258,37.72703337354386,-322.27296662645614,-15.423118696539317,28.714962401913198,-331.2850375980868,-12.62634002676666,-73.78457969485729,-73.78457969485729
1000000000,-11.405649199807137,15.046806563878816,15.046806563878816,-16.509328503942385,35.66488720537039,-324.3351127946296,-16.037430926818157,26.680146732363074,-333.3198532676369,-14.046116793770395,-78.25740436485172,-78.25740436485172
1012500000,-11.61595126334018,18.219495179963875,18.219495179963875,-17.547346511986397,31.225025431066342,-328.77497456893366,-15.68115037690745,26.990247480534876,-333.0097525194651,-12.52855786835763,-88.57212278295238,-88.57212278295238
1025000000,-11.213324335442268,10.009070649236696,10.009070649236696,-17.936312179005167,25.78350852507585,-334.21649147492417,-16.78916987401712,28.742663385923372,-331.2573366140766,-12.657066816196798,-84.76530587788116,-84.76530587788116
1037500000,-12.325049151287612,13.019755955518736,13.019755955518736,-17.802941149901592,23.256719291425345,-336.7432807085747,-17.439118455220036,29.536079247310642,-330.4639207526894,-12.682600008092688,-82.9927956722089,-82.9927956722089
1050000000,-10.549010858671114,19.27134380033404,19.27134380033404,-17.87231286479438,20.861842406207703,-339.1381575937923,-18.010650125494227,27.989842324664895,-332.0101576753351,-20.150334173667858,-93.40532754629902,-93.40532754629902
1062500000,-11.748602514834921,11.219988823783126,11.219988823783126,-18.6502253705708,24.40814128235161,-335.5918587176484,-19.632682746978027,21.456135603503764,-338.54386439649625,-15.722479539190763,-100.95624753488059,-100.95624753488059
1075000000,-12.107986479521793,12.24577687852734,12.24577687852734,-19.57332482995376,21.242046648037093,-338.7579533519629,-19.42008352202292,15.477160787520338,-344.52283921247965,-17.051378626473376,-104.96240981252969,-104.96240981252969
1087500000,-12.51108414568004,6.948141787842692,6.948141787842692,-20.01340303650814,18.74396102166799,-341.256038978332,-19.551277114467755,13.534195561613709,-346.4658044383863,-17.088539023556727,-114.27234097103302,-114.27234097103302
1100000000,-13.524723414734474,7.440608916807789,7.440608916807789,-20.09365465916256,18.827899622189936,-341.17210037781007,-19.607328820871047,11.693107654356602,-348.3068923456434,-15.21672370179292,-114.9721118772911,-114.9721118772911
1112500000,-13.235144041432408,6.230335987527737,6.230335987527737,-20.915521310162667,14.25249571708403,-345.747504282916,-20.782643641647986,15.397613516678016,-344.602386483322,-15.838956972561016,-107.8938697339739,-107.8938697339739
1125000000,-13.755331388715549,3.668087376516183,3.668087376516183,-21.150506816119965,15.614449341281528,-344.38555065871844,-20.936679359674027,5.9677083110006794,-354.0322916889993,-16.86060781568952,-140.54892016284222,-140.54892016284222
1137500000,-13.598420176754649,2.449130687826916,2.449130687826916,-21.143432340500357,13.848011736062281,-346.1519882639377,-21.489521405909628,4.671492321958781,-355.3285076780412,-15.218287911991508,-129.11821935725902,-129.11821935725902
1150000000,-16.01444538085671,-1.5563763344357275,-1.5563763344357275,-21.175842562034664,5.449733039066814,-354.5502669609332,-22.006822331806003,4.889957313785706,-355.1100426862143,-16.838719097751316,-123.18850290978433,-123.18850290978433
1162500000,-16.20966916127363,4.7686942740478,4.7686942740478,-22.92445938460629,11.783382483020663,-348.21661751697934,-22.377382267874385,5.068190105034583,-354.9318098949654,-17.556396824743093,-137.92560941267953,-137.92560941267953
1175000000,-17.979512729834134,-4.939424607945527,-4.939424607945527,-22.541633577816995,7.390396124138876,-352.6096038758611,-22.972354236917457,-1.3878386373787497,-361.38783863737876,-17.588197656834183,-139.16364480530672,-139.16364480530672
1187500000,-20.19234486815769,-0.2010091367112343,-0.2010091367112343,-22.975388022357826,2.139736865419217,-357.8602631345808,-23.234682627933232,4.410199674846757,-355.58980032515325,-15.236364649380736,-144.89662555589564,-144.89662555589564
1200000000,-20.328798617490893,2.0793480815201004,2.0793480815201004,-23.761939899569292,1.694479106716178,-358.3055208932838,-24.173327163866173,1.8649035824149598,-358.13509641758503,-16.412930468399207,-133.6101274354026,-133.6101274354026
1212500000,-21.043439907503707,0.44287635114833607,0.44287635114833607,-24.21695329825843,-1.4915277961679345,-361.49152779616793,-24.74519857022368,0.4247004568578908,-359.57529954314214,-14.71908794126644,-148.8650093696682,-148.8650093696682
1225000000,-24.02742873771951,-26.776073731674206,-26.776073731674206,-25.98697917367316,1.7674705890732783,-358.2325294109267,-24.868282968992364,-0.03836561554370704,-360.0383656155437,-16.329281995779183,-139.44502041158017,-139.44502041158017
1237500000,-27.820299190421096,-3.801806654716318,-3.801806654716318,-27.469205284206907,1.6099728937628408,-358.39002710623714,-25.796002633695352,-6.315315384206596,-366.3153153842066,-15.239333244606986,-145.1127769786125,-145.1127769786125
1250000000,-25.799273584320623,-5.766473462248873,-5.766473462248873,-27.76115405021759,0.9236643684416417,-359.0763356315584,-25.880332366897804,4.165331027688062,-355.83466897231193,-16.90891755331303,-133.33601221903217,-133.33601221903217
1262500000,-37.321056308209876,-130.01629963989748,-130.01629963989748,-28.360354274174142,-1.335364180622849,-361.33536418062283,-27.099924890611923,7.1431174985642,-352.8568825014358,-16.050721989359108,-138.98392278056733,-138.98392278056733
1275000000,-30.890522538107486,-102.06853154965728,-102.06853154965728,-30.24358635384584,3.2895353181558606,-356.71046468184414,-27.492243837157947,1.6394518340297912,-358.3605481659702,-15.556440309972741,-137.08642085425532,-137.08642085425532
1287500000,-29.466195105986166,178.0888106972051,-181.9111893027949,-31.482482039019423,0.9418534634458195,-359.0581465365542,-28.153849309620767,-0.40828885309636725,-360.4082888530964,-14.439154527992422,-130.5595731437235,-130.5595731437235
1300000000,-25.163010746569373,-174.31963326221907,-174.31963326221907,-33.95015937144439,-9.528124893329576,-369.52812489332956,-29.285742949324263,-7.822948320988469,-367.8229483209885,-13.535202183726845,-126.2221815634837,-126.2221815634837
1312500000,-22.418814331031975,-167.87743785114986,-167.87743785114986,-32.12564202469568,0.7714338419802054,-359.2285661580198,-30.708233417333087,9.994366961272892,-350.0056330387271,-16.381894326516136,-138.7110694698541,-138.7110694698541
1325000000,-21.689601446560438,-174.3872607217171,-174.3872607217171,-34.097973716027866,22.914605115959123,-337.08539488404085,-30.722575974937115,6.345144149550403,-353.6548558504496,-13.602537849897725,-141.8764441075768,-141.8764441075768
1337500000,-19.06796141445792,-168.69000187878186,-168.69000187878186,-34.152464755664305,39.946173628466696,-320.0538263715333,-34.379714971966415,5.68837050112972,-354.3116294988703,-13.187887755232971,-141.4083468097367,-141.4083468097367
1350000000,-20.52866405783526,-157.6333446786662,-157.6333446786662,-37.10165595028323,35.34428049993122,-324.65571950006876,-32.8826181016253,2.53519965500633,-357.46480034499365,-13.878450761386432,-130.84718351040158,-130.84718351040158
1362500000,-17.723062711413505,-174.4142185940768,-174.4142185940768,-38.444139351735615,3.1512667941804695,-356.84873320581954,-34.29996765411778,1.085335079055382,-358.91466492094463,-12.860687214630072,-135.59705223090901,-135.59705223090901
1375000000,-19.011174076612562,173.66015947198838,-186.33984052801162,-41.43921054648183,5.152363477156218,-354.8476365228438,-32.296822385090024,25.52310454911206,-334.4768954508879,-14.829774428951376,-122.9190102468024,-122.9190102468024
1387500000,-17.683211334144108,172.36620104668012,-187.63379895331988,-40.33903083366292,22.17668294588286,-337.8233170541171,-36.739732024159025,44.34333599276415,-315.65666400723586,-13.938246849866132,-125.79166878091779,-125.79166878091779
1400000000,-17.561831977020855,166.07366609701862,-193.92633390298138,-39.79702651415993,41.454104316239516,-318.5458956837605,-33.781569267014376,67.94524344280536,-292.05475655719465,-16.102903121416144,-143.86945179826188,-143.86945179826188
1412500000,-18.67595348528237,176.05582903285548,-183.94417096714452,-39.921887595024764,84.40595822647917,-275.5940417735208,-51.16377052263865,84.56502163950209,-275.4349783604979,-13.9980998517463,-134.19689511455397,-134.19689511455397
1425000000,-18.224222417490783,159.789659250386,-200.210340749614,-35.663353184570475,81.86963194292886,-278.1303680570711,-37.36674985745748,94.50334847945746,-265.4966515205425,-13.895436139824662,-129.31371506775523,-129.31371506775523
1437500000,-19.020680706522032,162.2525820237812,-197.7474179762188,-37.22195456612232,138.8426442229219,-221.1573557770781,-33.12316363427736,72.05637025902345,-287.9436297409766,-16.281605761873827,-123.69383790869132,-123.69383790869132
1450000000,-17.59133496737551,157.97146270635477,-202.02853729364523,-35.38088323151992,95.35889547573716,-264.64110452426286,-33.48535993454119,100.03393812417616,-259.9660618758238,-14.821995122382088,-142.5470969420361,-142.5470969420361
1462500000,-19.275277595643484,157.55663792141135,-202.44336207858865,-30.786105282923817,102.696216094666,-257.303783905334,-30.02844821952291,93.49031194043863,-266.50968805956137,-16.391539334405007,-133.3520721503461,-133.3520721503461
1475000000,-17.302914151000298,135.25041029402524,-224.74958970597476,-28.886195422301014,119.30515532440805,-240.69484467559195,-27.281050411217503,106.71371934446734,-253.28628065553266,-14.27595600162704,-141.86571409216097,-141.86571409216097
1487500000,-17.719754586552348,112.74532140370295,-247.25467859629705,-28.824271176679105,129.11363887025843,-230.88636112974157,-26.46487052590606,118.2332768027509,-241.76672319724912,-12.88627541534238,-136.22509351913925,-136.22509351913925
1500000000,-17.673733037635518,108.52935986086679,-251.4706401391332,-27.854786563422035,118.52597493905566,-241.47402506094434,-26.04042735519513,99.92169496469337,-260.07830503530664,-12.414461861904902,-142.2439461037657,-142.2439461037657
1512500000,-15.143765491995914,124.97490299219189,-235.0250970078081,-30.535404233952296,115.04198476550604,-244.95801523449396,-26.01370298086703,96.59750437992747,-263.4024956200725,-14.769799485926576,-157.61663968283491,-157.61663968283491
1525000000,-14.753618607717971,97.75410136669603,-262.24589863330397,-26.011681162044567,99.74298699851043,-260.25701300148955,-24.08835801409557,92.52479671679481,-267.4752032832052,-13.98411650056661,-160.31810852970534,-160.31810852970534
1537500000,-16.58773571281766,89.04357231066918,-270.95642768933084,-22.44202668465028,96.50894268060847,-263.49105731939153,-22.497870353007805,93.05903130450417,-266.9409686954958,-13.6198306364179,-159.62530855903157,-159.62530855903157
1550000000,-13.349856326577305,81.02612823716166,-278.97387176283837,-21.33852406183259,93.45213788846024,-266.54786211153976,-21.264094604947502,95.78903522919514,-264.2109647708049,-12.545353327325007,-166.08519246651298,-166.08519246651298
1562500000,-11.339837594548634,72.88635641533148,-287.1136435846685,-20.850276835210945,99.0200433397645,-260.97995666023553,-19.95720696497161,99.20384825240642,-260.79615174759357,-12.555870789997037,-153.73314291084444,-153.73314291084444
1575000000,-18.15230855934255,168.38203762692476,-191.61796237307524,-11.847955259179919,91.86715953045793,-268.1328404695421,-28.46993882419731,112.36004247881962,-247.63995752118038,4.836858087848137,110.7281388771779,-249.2718611228221
1587500000,-10.633229799700278,68.35444331882412,-291.6455566811759,-20.23572083152795,98.8299761783236,-261.1700238216764,-20.496888811040854,92.77825908833609,-267.2217409116639,-11.33551204467194,-173.89945053297686,-173.89945053297686
1600000000,-10.6636246280895,67.11725199294712,-292.8827480070529,-18.992573030248426,88.56189304194665,-271.43810695805337,-19.948505652289008,76.95006722333649,-283.0499327766635,-11.027453415334138,-179.25008787353332,-179.25008787353332
1612500000,-11.008548228177679,57.16586755810925,-302.83413244189074,-17.61324038315707,82.63216281279593,-277.3678371872041,-18.59887355636502,68.04657419649067,-291.95342580350933,-8.747254109339917,-175.1947671135731,-175.1947671135731
1625000000,-9.792828092665617,42.323845887801845,-317.67615411219816,-15.982215903412659,75.26705716599676,-284.7329428340032,-16.107338761124574,68.33164182650373,-291.66835817349624,-8.975103302829325,-177.99708389760897,-177.99708389760897
1637500000,-8.813869592308583,43.962491618665304,-316.0375083813347,-14.61253271349414,82.03955569109675,-277.9604443089032,-15.337814810094546,72.13057140969786,-287.86942859030216,-9.090607835516737,-175.89630847651122,-175.89630847651122
1650000000,-7.482308070241816,42.14057456365174,-317.85942543634826,-14.559231075003602,88.56139681368657,-271.43860318631346,-15.25453259290305,65.61441042688976,-294.3855895731102,-8.6093782145152,169.18502495763693,-190.81497504236307
1662500000,-8.27318239701582,45.72668977915462,-314.27331022084536,-15.388535104990346,75.49059862762545,-284.50940137237455,-15.608387962430879,60.52238696377172,-299.47761303622826,-8.594857515373619,164.3492887331497,-195.6507112668503
1675000000,-8.321592972949466,46.426510083871236,-313.5734899161288,-15.054011323654128,65.89755740383691,-294.1024425961631,-15.247577470797884,51.059999381652545,-308.9400006183474,-6.975339369819951,158.7051219881343,-201.2948780118657
1687500000,-9.936688763525558,45.289373200511335,-314.71062679948864,-13.945627026154288,56.25634635393105,-303.74365364606894,-13.907439644526429,42.771870913658766,-317.22812908634126,-6.483926685030637,160.51640356706497,-199.48359643293503
1700000000,-9.087613791711053,46.14317895858246,-313.85682104141756,-12.831398511669587,49.81034581675419,-310.1896541832458,-12.634025044173269,39.1230701615068,-320.8769298384932,-5.694394587289998,158.68981408439768,-201.31018591560232
1712500000,-8.039416041260687,42.91437797252393,-317.08562202747606,-11.498087169815028,45.15633550013535,-314.84366449986464,-12.03369045590495,35.79541401470733,-324.2045859852927,-5.936221034570907,148.65293236073634,-211.34706763926366
1725000000,-7.221815978485802,44.238439040541856,-315.76156095945817,-10.89996233976079,44.41632745828774,-315.58367254171225,-11.94894255783586,35.67163977629457,-324.32836022370543,-5.793107675773909,141.61513086046006,-218.38486913953994
1737500000,-7.48841583626106,48.38231992217618,-311.6176800778238,-11.794085346534507,41.989197072050366,-318.0108029279496,-12.353613912031157,31.020479239475243,-328.97952076052474,-4.482905282817184,139.33224438045255,-220.66775561954745
1750000000,-7.8963380664113885,53.55476390661633,-306.44523609338364,-11.677742540834114,35.593814398478884,-324.4061856015211,-11.807110687465007,25.698981811659266,-334.3010181883407,-3.527037070298324,137.41109270454535,-222.58890729545465
1762500000,-8.795818073423852,48.929542162031886,-311.0704578379681,-11.36343745445884,30.184331468195712,-329.8156685318043,-11.425657902507114,19.90847140866004,-340.09152859133997,-2.680243962625938,141.00281034271285,-218.99718965728715
1775000000,-9.56417113662509,45.70770520375683,-314.29229479624314,-10.590564983505594,23.63862955022086,-336.36137044977914,-10.69933558089282,14.227303680798535,-345.7726963192015,-3.050652869953765,134.29154251823056,-225.70845748176944
1787500000,-9.894382959645446,34.79308480848896,-325.20691519151103,-9.972667427562998,17.186971376518628,-342.8130286234814,-10.552979533540729,8.230126086301173,-351.7698739136988,-3.875442403716871,129.01285388381922,-230.98714611618078
1800000000,-9.391461858013294,35.82409059381892,-324.17590940618106,-8.555433270138323,13.57958445319247,-346.42041554680753,-9.714543622047165,4.095845841712253,-355.9041541582877,-2.170546543781083,122.31324466851336,-237.68675533148664
1812500000,-9.274230204131108,44.50490552492545,-315.49509447507455,-9.040542580831904,8.555437118605207,-351.4445628813948,-9.827263078867897,-1.3374062166105563,-361.33740621661053,-3.107965586284985,114.35978859344847,-245.64021140655154
1825000000,-10.937753360345372,48.15350344101654,-311.84649655898346,-7.698102283155399,1.567514352743908,-358.4324856472561,-9.245968514825949,-8.763038834225851,-368.7630388342258,-1.4794337373169415,105.47512546537602,-254.52487453462396
1837500000,-12.374696408980244,57.12155299988276,-302.87844700011726,-6.5447568711677375,2.0066568294693505,-357.99334317053064,-8.662338440555695,-10.60401081960376,-370.6040108196038,-0.6203015234568909,107.86404871495297,-252.13595128504704
1850000000,-11.70780154800994,59.818997768883406,-300.1810022311166,-6.9684037604246205,-0.6872893314742393,-360.68728933147423,-8.47316036571748,-15.154646824257306,-375.1546468242573,-1.1365888920704297,110.80151914895075,-249.19848085104925
1862500000,-13.209808665098095,60.55557351911053,-299.4444264808895,-7.370445123628556,-10.792478587498856,-370.79247858749886,-8.733842415937351,-22.43884934503259,-382.43884934503257,-2.472277825446767,101.38087007966804,-258.61912992033194
1875000000,-12.18550113592396,52.34960988348684,-307.65039011651317,-7.608682060542561,-19.167261099876992,-379.167261099877,-9.325442345639718,-29.57722854383074,-389.57722854383076,-3.180492031548559,91.52720796121466,-268.4727920387853
1887500000,-11.585499484535589,60.238946639233625,-299.76105336076637,-7.287172546081118,-34.09903810079029,-394.09903810079027,-9.44796826133423,-34.496091829879965,-394.49609182987996,-2.4147574329383428,73.31693472083819,-286.68306527916184
1900000000,-10.577221073631375,55.86088481388289,-304.1391151861171,-6.2423413110681025,-42.22493993119707,-402.22493993119707,-8.92533870532056,-40.988317635790416,-400.9883176357904,-2.121138623594315,70.31546614263364,-289.6845338573664
1912500000,-10.522895084283066,71.74601941745263,-288.25398058254734,-4.744412608552261,-42.986141495089825,-402.98614149508984,-7.994512161690781,-41.819374099032174,-401.8193740990322,-1.0993181212280128,71.07919478783528,-288.92080521216474
1925000000,-11.403952096679468,78.28624557013549,-281.7137544298645,-5.396335080069717,-45.519462985667026,-405.519462985667,-8.295732288611848,-42.17413774000191,-402.1741377400019,-1.6528306881731751,73.42928253920374,-286.57071746079623
1937500000,-11.236603666703218,76.82978934935213,-283.17021065064785,-6.4190354895860855,-51.48918650662117,-411.4891865066212,-8.555219089367643,-46.14212409874127,-406.14212409874125,-2.729040704478805,68.46065122840777,-291.53934877159224
1950000000,-14.0837500384925,71.83558068121027,-288.1644193187897,-7.627275790714004,-64.33319969046974,-424.33319969046977,-8.771592927687408,-50.846369466797796,-410.8463694667978,-4.495661471156933,56.67188405636202,-303.32811594363795
1962500000,-12.371519430150194,75.81091974508242,-284.1890802549176,-6.6865039508607795,-74.06228705773493,-434.0622870577349,-7.964082513196448,-64.02769440053216,-424.02769440053214,-4.419734088149319,51.565728124044554,-308.43427187595546
1975000000,-11.048229505196012,69.29751206967471,-290.7024879303253,-5.793764295074677,-80.24325574993411,-440.2432557499341,-6.790191158754039,-72.65458542443955,-432.6545854244396,-3.2572174163748273,43.89342434293955,-316.10657565706043
1987500000,-10.139910533166832,72.69366309254352,-287.3063369074565,-5.230197905554919,-77.04976122367978,-437.04976122367975,-6.290379255627264,-72.13289914381423,-432.13289914381426,-2.9718530666474723,50.88990742396209,-309.1100925760379
2000000000,-7.15671863687658,68.60594891451247,-291.39405108548755,-6.24367877758681,-77.08590330125635,-437.08590330125634,-6.277494407844204,-75.43716041106343,-435.4371604110634,-3.3505280531447106,52.191428464192505,-307.8085715358075
2012500000,-8.158114451610887,57.10050752304075,-302.89949247695927,-7.846965594136535,-83.23814842869658,-443.2381484286966,-7.65842747199277,-80.9810249764519,-440.9810249764519,-4.376075235818635,48.06569432327076,-311.93430567672925
2025000000,-8.747568729991976,58.761057890543796,-301.2389421094562,-8.21337261236007,-97.29195454472648,-457.2919545447265,-8.55078596400078,-91.34713595941462,-451.34713595941463,-4.629964489013519,36.8479249439687,-323.1520750560313
2037500000,-8.03355642541601,52.8256143040362,-307.1743856959638,-7.547606197397236,-107.0654702841213,-467.0654702841213,-8.408706063438675,-103.79805223879026,-463.79805223879026,-4.649642437954412,36.905070243103076,-323.09492975689693
2050000000,-6.2171375868079295,48.29064991028927,-311.7093500897107,-6.964532128113651,-109.62630067541083,-469.62630067541085,-7.805050843310264,-111.24097775083263,-471.2409777508326,-4.469031497788224,31.312265930773613,-328.6877340692264
2062500000,-5.1934008709328525,41.89597317832528,-318.1040268216747,-7.611733583289996,-109.26986246041008,-469.2698624604101,-7.497800632233362,-113.82158046593439,-473.8215804659344,-4.734511639286605,26.619853596255865,-333.3801464037441
2075000000,-4.621618639028938,32.49615454754043,-327.5038454524596,-8.801541267021037,-112.39163414262475,-472.39163414262475,-8.35111239824457,-113.2132385426785,-473.2132385426785,-5.2006142480740465,25.3128069388517,-334.6871930611483
2087500000,-4.946423394908653,37.3811422552633,-322.6188577447367,-9.672417830329431,-116.52571761294419,-476.52571761294416,-8.743607523222503,-111.12909369294003,-471.12909369294005,-7.015504684108475,26.045979768901947,-333.95402023109807
2100000000,-6.753349683707263,31.86758961542236,-328.1324103845776,-8.562704907889527,-130.05821217587342,-490.05821217587345,-9.248321802275774,-120.5818887492527,-480.5818887492527,-6.102357664746623,21.89068233373386,-338.1093176662661
2112500000,-5.499255875239997,21.810004551442088,-338.1899954485579,-8.683489093581287,-134.26527317994453,-494.26527317994453,-9.362159228292779,-130.98265804681512,-490.9826580468151,-5.981499242004771,17.677977851296983,-342.322022148703
2125000000,-4.2462855859450155,13.34691373063747,-346.6530862693625,-8.22194938960627,-132.96686132469148,-492.9668613246915,-9.496198933218363,-136.40871487097627,-496.40871487097627,-6.033520522744125,17.44404892306215,-342.55595107693784
2137500000,-4.322759260623612,9.154601301606457,-350.8453986983935,-8.939132433312233,-136.01168141145365,-496.01168141145365,-9.129121168769561,-137.38580530516253,-497.38580530516253,-6.878869724353378,20.996491436876042,-339.00350856312394
2150000000,-4.430799510780641,5.691295519500362,-354.3087044804996,-9.973300181654293,-145.00942513873682,-505.0094251387368,-9.418266348671608,-139.41653603576097,-499.41653603576094,-5.845306841616402,12.81732544272623,-347.1826745572738
2162500000,-4.395751165742807,4.036028083022928,-355.9639719169771,-10.546032634666238,-149.84685310564316,-509.84685310564316,-11.061097425434706,-153.84286997299876,-513.8428699729988,-6.621566427369853,9.853943214430924,-350.1460567855691
2175000000,-5.064889759566591,0.17870842507409787,-359.8212915749259,-10.730074710244866,-150.64909890856376,-510.64909890856376,-10.941474741708026,-154.03561686765778,-514.0356168676578,-6.4364105003566605,8.3276040930684,-351.6723959069316
2187500000,-3.6504469486303206,-3.7919862913459124,-363.7919862913459,-10.97409081142825,-153.22646943560684,-513.2264694356069,-11.70098574293256,-162.93446494334182,-522.9344649433418,-6.340564794730673,11.933303999497307,-348.0666960005027
2200000000,-5.297806042538456,-1.7850358425426938,-361.7850358425427,-11.961440081476894,-153.1521416745092,-513.1521416745093,-11.501407875413548,-163.45584126803527,-523.4558412680353,-6.216729481787308,4.791869305640476,-355.2081306943595
2212500000,-5.530534728576195,-5.384089116223673,-365.38408911622366,-12.920106486633362,-161.28929330260559,-521.2892933026055,-11.998389114840718,-158.0545958617098,-518.0545958617098,-6.16668268136229,5.5698465103692065,-354.4301534896308
2225000000,-4.805122926794483,-9.637491608438324,-369.6374916084383,-13.603064842180295,-160.87266108553666,-520.8726610855367,-13.304535662921072,-174.88252100690804,-534.8825210069081,-6.058522690454813,5.368250735005286,-354.6317492649947
2237500000,-5.503104206328685,-10.74658681054149,-370.7465868105415,-14.274300396879394,-165.67802200194333,-525.6780220019433,-14.498097019569066,-168.76373285255957,-528.7637328525595,-7.307171002755498,5.109948417489216,-354.8900515825108
2250000000,-4.246959361882612,-12.704605095861305,-372.7046050958613,-13.861147272081416,-164.76695823263154,-524.7669582326315,-15.099535079784872,-178.9515722813761,-538.9515722813761,-6.895226129854533,6.274418456749858,-353.72558154325014
2262500000,-4.986693936634615,-7.755691513078046,-367.75569151307803,-15.324027718619234,-169.172218947755,-529.172218947755,-14.77318642967222,-177.97420089986392,-537.974200899864,-7.123098755034634,-2.627772936862252,-362.62777293686224
2275000000,-5.494921295791477,-14.316281020419018,-374.316281020419,-15.612004559719857,-167.36865308571333,-527.3686530857133,-15.104061018040348,-170.5740281509047,-530.5740281509047,-7.748651285092548,-7.6076522054943085,-367.60765220549433
2287500000,-4.939003240759867,-11.243271378922937,-371.24327137892294,-15.988599144200414,-176.87674242367865,-536.8767424236787,-16.599436658910843,-169.8945604962268,-529.8945604962269,-7.425120501602961,-13.204531486210259,-373.20453148621027
2300000000,-6.460860986400219,-15.518545183785779,-375.51854518378576,-16.474983089577755,-174.5814489940328,-534.5814489940328,-18.2954765258511,-163.9658848020924,-523.9658848020924,-7.213736267540066,-12.436375084247459,-372.43637508424746
2312500000,-5.165278240023344,-24.153352832184257,-384.1533528321843,-16.89979175710459,-173.86626168508678,-533.8662616850868,-18.969276035462887,-169.59926685729974,-529.5992668572998,-6.121044553720889,-5.648742455813434,-365.6487424558134
2325000000,-4.913359194746773,-19.09159643732263,-379.0915964373226,-15.972814650414971,-168.62218858493551,-528.6221885849355,-16.999922643422522,-162.99501651201766,-522.9950165120176,-6.837270932402814,-10.142487481296373,-370.14248748129637
2337500000,-4.510874858977472,-21.94812568294387,-381.9481256829439,-15.201239749547991,-163.17896325385,-523.17896325385,-15.909874866150579,-165.373258324372,-525.373258324372,-7.451655865075698,-12.284574449718678,-372.28457444971866
2350000000,-4.784064043589981,-22.311904379520687,-382.3119043795207,-15.840164574257276,-167.61871447853807,-527.6187144785381,-14.715139349291988,-154.00249988188338,-514.0024998818834,-7.8860929189897675,-17.499779013263627,-377.4997790132636
2362500000,2.9804322401639904,-54.61110542100418,-414.6111054210042,-21.509146068002046,99.3675465615153,-620.6324534384847,-15.621509728872407,-69.74204736603606,-429.74204736603605,-2.2867726734424956,7.565321381997199,-352.4346786180028
2375000000,-6.688940368258065,-18.649427165657,-378.649427165657,-13.801262532367247,-164.477762193308,-524.477762193308,-14.422046471120504,-156.98667876896326,-516.9866787689632,-6.982609052503235,-21.937907080622082,-381.9379070806221
2387500000,-6.089649864119857,-26.008784301887477,-386.0087843018875,-13.634173419309178,-163.7196485520687,-523.7196485520687,-14.327497095258941,-173.30308616546787,-533.3030861654679,-7.707679615957009,-23.98569051808734,-383.9856905180873
2400000000,-4.366841942369101,-27.925678622752105,-387.9256786227521,-14.181364814908008,-159.04296534706035,-519.0429653470603,-16.05924250567859,-168.64237219191423,-528.6423721919142,-7.538627107366831,-22.28591174047718,-382.28591174047716
2412500000,-4.882597650931347,-24.631254188800998,-384.631254188801,-14.351697901317488,-147.99317167365984,-507.99317167365984,-15.217239209282896,-159.78727033134993,-519.7872703313499,-9.462792231041208,-46.678067310155434,-406.6780673101554
2425000000,-9.048166151660588,-29.86875350707433,-389.8687535070743,-13.935447132604743,-156.8179411782836,-516.8179411782836,-12.357405323127775,-157.58480546585398,-517.584805465854,-7.005164155757254,-25.959821449007634,-385.9598214490076
2437500000,-10.467050355980534,-29.757028648536274,-389.7570286485363,-12.37396026455711,-170.17477164294635,-530.1747716429463,-12.018024247161584,-170.16756999701747,-530.1675699970175,-9.386151074064935,-49.03025442872883,-409.0302544287288
2450000000,-9.03146374989958,-15.70759257241418,-375.70759257241417,-11.20374386717868,-165.923850301159,-525.9238503011591,-12.235136431201497,179.34397615070242,-540.6560238492975,-7.505276515421693,-43.2243142566887,-403.2243142566887
2462500000,-7.582451688975594,-6.7373675054054605,-366.7373675054055,-13.25409085096541,-171.99517079524188,-531.9951707952418,-11.151223847267104,163.8597564556174,-556.1402435443827,-14.331378556423214,-62.213304565072264,-422.21330456507224
2475000000,-10.024508027821216,-2.465066454775021,-362.465066454775,-13.711058150629395,168.83192572909815,-551.1680742709018,-9.996363931064087,164.44283278708224,-555.5571672129178,-14.50833747389292,-29.90092945721464,-389.90092945721466
2487500000,-7.402070652316732,5.203628556703846,-354.79637144329615,-12.183558189320625,154.8706684289695,-565.1293315710304,-11.126539071865022,160.92403694761708,-559.0759630523829,-12.885248219415633,-45.875764451268985,-405.875764451269
2500000000,-7.327504303651759,0.5288660680944836,-359.4711339319055,-11.401409286875053,163.91913680220583,-556.0808631977942,-12.676591495049134,156.7679398518699,-563.2320601481301,-13.992527624638743,-87.97584003851851,-447.9758400385185
2512500000,-8.236779960553786,-0.3034944189718943,-360.3034944189719,-12.175275341875576,169.5026602262889,-550.4973397737111,-12.089579820858148,151.54938611340506,-568.450613886595,-13.683496674440105,-63.081350335600725,-423.08135033560075
2525000000,-9.956306067310258,-16.685673036173867,-376.68567303617385,-13.117807418383194,165.97628849926156,-554.0237115007385,-11.31410170971562,164.59582808352738,-555.4041719164726,-14.955842471890037,-47.09205346690551,-407.0920534669055
2537500000,-6.96531380821699,-14.258650324682312,-374.2586503246823,-11.353986896570296,158.1786230842234,-561.8213769157766,-10.015912635984627,161.3120257198902,-558.6879742801098,-32.318938699331966,149.55616715094837,-570.4438328490517
2550000000,-6.798021714389526,-12.88589757782259,-372.88589757782256,-9.566658818336805,155.44883183156549,-564.5511681684345,-10.276595023351849,159.5828132810572,-560.4171867189427,-22.84518596877063,102.50004936267922,-617.4999506373208
2562500000,-8.37836139494897,-15.211340300167569,-375.2113403001676,-7.944200248388245,166.15196679129616,-553.8480332087038,-10.169384819518735,158.32680164918017,-561.6731983508198,-12.29141653673193,158.9086086327317,-561.0913913672683
2575000000,-9.201519804251026,-10.484736955765445,-370.48473695576547,-8.653229905561503,158.0029484592605,-561.9970515407394,-9.360571773112019,157.86513570506045,-562.1348642949396,-15.8293855185003,108.76878269774686,-611.2312173022532
2587500000,-8.906914359281913,-8.27913767210302,-368.27913767210305,-7.515387890385129,153.25382787437968,-566.7461721256203,-8.434639723770296,145.19619167643293,-574.8038083235671,-13.632010564058504,95.34679823515516,-624.6532017648449
2600000000,-6.784990248171271,-15.244213421080325,-375.2442134210803,-7.521141690001443,135.29154920621252,-584.7084507937875,-9.358192278963797,138.68445683624464,-581.3155431637554,-11.302119815230586,56.68587070277566,-663.3141292972243
2612500000,-6.2900931272950364,-26.489218201317268,-386.48921820131727,-7.374387101322752,137.4730930650756,-582.5269069349245,-9.304056259013286,135.15486103005324,-584.8451389699468,-11.034134278189178,5.245886459286295,-714.7541135407137
2625000000,-1.3628781210253125,-62.18152060585929,-422.1815206058593,-5.2896222106759865,128.04964510031164,-591.9503548996884,-8.024445082906057,134.73598645987158,-585.2640135401284,-15.005060730228754,-54.08908800555048,-774.0890880055505
2637500000,-5.910432899174531,-26.035899008614912,-386.03589900861493,-6.017976685827704,116.4876422168179,-603.5123577831821,-9.225208818726419,118.61545683249858,-601.3845431675014,-15.328713131699239,-6.157366491787567,-726.1573664917876
2650000000,-13.449836816089572,-25.43198729114264,-385.43198729114266,-8.474689123889902,121.75415673050773,-598.2458432694923,-7.91738559246364,106.88860008195309,-613.1113999180469,-7.741592851806486,7.057576159300773,-712.9424238406992
2662500000,-7.783178872587644,-28.156686720609084,-388.15668672060906,-6.9278947922525616,107.93249828813344,-612.0675017118665,-7.64468207486331,103.9646790370605,-616.0353209629395,-10.509413376812883,33.076080061678574,-686.9239199383214
2675000000,-9.32261489549296,-56.17859373468112,-416.1785937346811,-8.03541542132191,103.00197484749734,-616.9980251525027,-7.183315836331639,99.29665876882618,-620.7033412311738,-12.949827590065603,-27.328384005651216,-747.3283840056512
2687500000,-14.425987921731735,-41.86108368855279,-401.8610836885528,-8.088045421058325,93.67101806082349,-626.3289819391765,-6.910219783696419,90.50011662812554,-629.4998833718745,-11.483578640246279,-14.288677867970584,-734.2886778679706
2700000000,-5.468447975336705,75.52563176759142,-284.47436823240855,-9.132956051589003,-112.29188131634938,-472.29188131634936,-9.577014248559554,-101.31128864039825,-461.31128864039823,-17.91583391645007,-78.29199387130451,-798.2919938713045
2712500000,-10.320046814687643,-49.182306761620026,-409.18230676162,-7.751260559583171,95.18327526595911,-624.8167247340409,-10.230072499196297,94.89698954018215,-625.1030104598178,-27.55017862215535,-44.06156638379416,-764.0615663837941
2725000000,-10.750974394260442,-50.8938265472207,-410.89382654722067,-8.33282267483083,85.55185913137434,-634.4481408686256,-12.12764196754976,76.96825193775699,-643.031748062243,-13.601822303979787,-44.31280148663396,-764.3128014866339
2737500000,-10.422777465867155,-59.43782067982204,-419.43782067982204,-10.113678924512037,88.72036022977323,-631.2796397702268,-11.44320791827492,68.94803063611985,-651.0519693638802,-13.189419082992334,-40.42567181690885,-760.4256718169089
2750000000,-9.886820086699837,-54.806400990373696,-414.8064009903737,-11.088125681382856,80.61103901745246,-639.3889609825476,-13.645028149734648,71.72150457205059,-648.2784954279495,-15.006376945590398,-45.10542052733042,-765.1054205273305
2762500000,-9.323817779499668,-70.05799914918346,-430.05799914918344,-11.595346548850248,62.16919416002404,-657.8308058399759,-12.479605529489106,67.73472083463399,-652.265279165366,-16.13071444719705,-42.72607935273705,-762.7260793527371
2775000000,-8.641373809811853,-70.06122749245516,-430.06122749245515,-12.270348522503863,66.45341352752077,-653.5465864724792,-12.573371785272967,83.39108665561446,-636.6089133443855,-12.51265516307556,-56.128697481688924,-776.128697481689
2787500000,-9.542839774047367,-84.12799971238775,-444.12799971238775,-9.814379414953153,79.89330350885277,-640.1066964911472,-13.516684016068321,83.75751855655339,-636.2424814434466,-12.120449265606489,-67.01236244552355,-787.0123624455235
2800000000,-11.17809527825819,-66.59845115647249,-426.5984511564725,-10.831803838235173,78.89094054139653,-641.1090594586035,-12.988121169303398,80.91362011748525,-639.0863798825147,-10.375413958138996,-75.65702085569006,-795.65702085569
2812500000,-10.006859846414695,-68.75480308374323,-428.75480308374324,-11.480622618106405,90.81045255878972,-629.1895474412103,-10.885012393315915,77.57262004211994,-642.42737995788,-15.657981364895692,-60.91910811260859,-780.9191081126086
2825000000,-11.16245429662003,-75.00824130443009,-435.0082413044301,-11.803374217031749,76.74566171779908,-643.2543382822009,-10.721211922563565,73.82834660236014,-646.1716533976398,-14.465970584819356,-50.83080598984536,-770.8308059898453
2837500000,-10.029915565048203,-76.78726325749318,-436.7872632574932,-9.00513905540048,69.12640002279906,-650.8735999772009,-10.457293079884424,76.53992483757413,-643.4600751624258,-11.427765630374944,-46.85332969309581,-766.8533296930958
2850000000,-9.970304496264117,-70.30256922651199,-430.302569226512,-8.502665397506929,63.81063904587517,-656.1893609541248,-10.786781071583372,68.1956727916274,-651.8043272083726,-17.687379414093193,-45.71846324951125,-765.7184632495113
2862500000,-9.286543742567837,-78.73634159465301,-438.736341594653,-9.943565168129897,67.5408894702761,-652.459110529724,-10.945681339726608,60.46428885356677,-659.5357111464332,-12.979336619680295,-49.247708002915196,-769.2477080029151
2875000000,-9.949851566640845,-82.52783512570849,-442.5278351257085,-10.522563278555047,59.95093113613024,-660.0490688638697,-10.237750215891243,50.735770874869395,-669.2642291251306,-15.345804736401272,-74.92465958124399,-794.924659581244
2887500000,-10.61741945882314,-87.77836272415846,-447.77836272415846,-10.838643438471466,42.246793175362434,-677.7532068246376,-9.022770525316071,43.025146658632345,-676.9748533413676,-21.58655733777534,-148.85713688594706,-868.857136885947
2900000000,-9.885462388923704,-87.68999413278935,-447.68999413278937,-10.038022942061513,37.590631432574796,-682.4093685674252,-10.258232654076082,43.32248334658952,-676.6775166534105,-15.892496707917076,-85.61813551524848,-805.6181355152485
2912500000,-8.175118918411947,-87.99914099604443,-447.99914099604445,-9.852826360572049,34.65618538196302,-685.343814618037,-10.992682943982528,43.704244817889176,-676.2957551821108,-15.124617861705357,-56.54410370447083,-776.5441037044708
2925000000,-10.22763430089029,-70.84388145986733,-430.84388145986736,-10.741544004234044,33.13647472476998,-686.86352527523,-10.640007396908134,38.90135765497009,-681.0986423450299,-10.11304672999485,-80.55689365146542,-800.5568936514654
2937500000,-8.903879143943907,-75.19246896680903,-435.19246896680903,-10.61823437372893,29.295274855165967,-690.704725144834,-11.299043017757757,38.18450523769711,-681.8154947623029,-15.084731493111365,-63.82992346263847,-783.8299234626385
2950000000,-10.584827619813941,-82.24438085662025,-442.24438085662024,-10.423082293949895,27.284669116229285,-692.7153308837707,-11.944418653507107,28.243243076244397,-691.7567569237556,-16.493443182763286,-69.05724533976814,-789.0572453397681
2962500000,-10.087597710977187,-76.83729995765889,-436.8372999576589,-11.134827154388196,26.229294564396877,-693.7707054356031,-11.794625709482084,34.648849215704914,-685.3511507842951,-13.273978240964201,-67.16802843090068,-787.1680284309007
2975000000,-8.534646089657086,-82.15296966480653,-442.1529696648065,-11.371596709865797,26.47512172795527,-693.5248782720447,-12.10511940400081,31.46694774694781,-688.5330522530522,-15.515317971517376,-78.19299183220541,-798.1929918322054
2987500000,-9.32085703201125,-88.3275526605624,-448.3275526605624,-12.597000406738578,30.45885404295423,-689.5411459570457,-11.954895265141117,30.12468918956375,-689.8753108104363,-17.011864293862303,-34.62393417246466,-754.6239341724647
3000000000,-10.376654290988018,-77.63490824773658,-437.6349082477366,-11.256709360479253,27.46979480959944,-692.5302051904006,-11.055228267409312,28.941691390673988,-691.058308609326,-14.13193925610959,-59.122064750348805,-779.1220647503488
